City_ID,City,Country,Date,Lat,Lng,Max Temp,Humidity,Cloudiness,Wind Speed
0,Bredasdorp,ZA,2021-05-18 00:53:38,-34.5322,20.0403,46.4,93,100,3.44
1,Miraflores,MX,2021-05-18 00:53:58,19.2167,-98.8083,66.2,55,75,11.5
2,Vostok,RU,2021-05-18 00:53:58,46.4856,135.8833,70.32,26,0,9.1
3,Narsaq,GL,2021-05-18 00:53:58,60.9167,-46.05,39.2,65,15,16.11
4,Bilibino,RU,2021-05-18 00:53:59,68.0546,166.4372,34.05,81,26,3.04
5,Palauig,PH,2021-05-18 00:53:59,15.435,119.9045,88.83,55,99,2.86
6,Pacific Grove,US,2021-05-18 00:54:00,36.6177,-121.9166,57.0,88,41,12.28
7,Ushuaia,AR,2021-05-18 00:48:47,-54.8,-68.3,50.0,57,75,14.97
8,Nicoya,CR,2021-05-18 00:54:00,10.1483,-85.452,82.4,69,75,5.75
9,Klaksvik,FO,2021-05-18 00:53:51,62.2266,-6.589,39.2,87,75,12.66
10,Nikolskoye,RU,2021-05-18 00:54:01,59.7035,30.7861,60.01,88,100,2.24
11,Vao,NC,2021-05-18 00:54:01,-22.6667,167.4833,72.57,68,66,18.37
12,Hambantota,LK,2021-05-18 00:54:02,6.1241,81.1185,75.2,100,20,10.6
13,Mataura,NZ,2021-05-18 00:53:48,-46.1927,168.8643,42.01,86,100,23.0
14,Kapaa,US,2021-05-18 00:53:39,22.0752,-159.319,80.6,61,20,16.11
15,Vaini,TO,2021-05-18 00:54:03,-21.2,-175.2,82.4,78,20,9.22
16,Vengerovo,RU,2021-05-18 00:54:03,55.6848,76.7471,63.32,68,5,11.63
17,Hilo,US,2021-05-18 00:52:26,19.7297,-155.09,84.2,48,1,9.22
18,Nanortalik,GL,2021-05-18 00:54:04,60.1432,-45.2371,37.22,77,40,3.8
19,Turayf,SA,2021-05-18 00:54:04,31.6725,38.6637,68.0,40,0,9.22
20,Port Alfred,ZA,2021-05-18 00:53:45,-33.5906,26.891,56.55,76,0,7.67
21,South Lake Tahoe,US,2021-05-18 00:51:52,38.9332,-119.9844,72.0,32,1,10.36
22,Busselton,AU,2021-05-18 00:53:41,-33.65,115.3333,62.01,99,100,1.01
23,Punta Arenas,CL,2021-05-18 00:51:18,-53.15,-70.9167,46.4,87,75,13.8
24,Rikitea,PF,2021-05-18 00:53:45,-23.1203,-134.9692,74.52,61,20,8.08
25,Nago,JP,2021-05-18 00:54:06,26.5881,127.9761,86.0,74,40,8.05
26,Puerto Ayora,EC,2021-05-18 00:48:55,-0.7393,-90.3518,75.0,94,66,5.01
27,Ahuimanu,US,2021-05-18 00:54:06,21.4447,-157.8378,84.2,61,40,16.11
28,A Coruna,ES,2021-05-18 00:54:07,43.3713,-8.396,55.0,100,90,4.61
29,Epe,NG,2021-05-18 00:54:07,6.5841,3.9834,78.12,92,95,5.44
30,Nakambala,ZM,2021-05-18 00:54:08,-15.8324,27.7799,60.51,59,1,3.56
31,Kodiak,US,2021-05-18 00:53:48,57.79,-152.4072,51.8,62,40,5.75
32,Mayor Pablo Lagerenza,PY,2021-05-18 00:54:08,-19.9309,-60.7718,70.45,70,0,5.14
33,Arriana,GR,2021-05-18 00:54:09,41.0833,25.7,59.04,89,73,1.52
34,Butaritari,KI,2021-05-18 00:54:09,3.0707,172.7902,82.54,80,100,14.12
35,Chokurdakh,RU,2021-05-18 00:54:09,70.6333,147.9167,31.59,97,100,9.4
36,Atuona,PF,2021-05-18 00:54:10,-9.8,-139.0333,79.23,70,11,11.45
37,Khatanga,RU,2021-05-18 00:53:43,71.9667,102.5,19.27,86,100,11.03
38,Pochutla,MX,2021-05-18 00:54:10,15.7432,-96.4661,84.99,70,75,17.27
39,The Valley,AI,2021-05-18 00:54:11,18.217,-63.0578,81.0,78,20,8.05
40,Raudeberg,NO,2021-05-18 00:54:11,61.9875,5.1352,44.01,92,17,7.87
41,Thompson,CA,2021-05-18 00:54:12,55.7435,-97.8558,41.0,56,75,10.36
42,Sztum,PL,2021-05-18 00:54:12,53.9208,19.0307,54.0,90,100,4.0
43,Upernavik,GL,2021-05-18 00:54:12,72.7868,-56.1549,31.5,98,100,7.9
44,Tuktoyaktuk,CA,2021-05-18 00:54:13,69.4541,-133.0374,37.4,70,40,13.8
45,Sola,VU,2021-05-18 00:54:13,-13.8833,167.55,86.0,84,90,11.5
46,Albany,US,2021-05-18 00:53:47,42.6001,-73.9662,66.2,37,1,4.61
47,New Norfolk,AU,2021-05-18 00:54:14,-42.7826,147.0587,59.0,74,83,5.99
48,Dikson,RU,2021-05-18 00:53:50,73.5069,80.5464,16.7,95,96,6.29
49,Kavaratti,IN,2021-05-18 00:54:14,10.5669,72.642,80.62,85,100,22.28
50,Bogashevo,RU,2021-05-18 00:54:15,56.3683,85.1447,55.4,100,75,6.71
51,Bandarbeyla,SO,2021-05-18 00:54:15,9.4942,50.8122,79.81,87,56,19.42
52,Cape Town,ZA,2021-05-18 00:49:43,-33.9258,18.4232,51.01,93,87,4.61
53,Sitka,US,2021-05-18 00:54:16,57.0531,-135.33,50.0,66,75,9.22
54,Knyaze-Volkonskoye,RU,2021-05-18 00:54:16,48.4642,135.4567,75.2,25,0,13.42
55,Victoria,HK,2021-05-18 00:51:02,22.2855,114.1577,89.01,75,91,1.01
56,Fortuna,US,2021-05-18 00:54:17,40.5982,-124.1573,57.0,82,90,12.66
57,East London,ZA,2021-05-18 00:54:17,-33.0153,27.9116,57.16,62,0,7.45
58,Apex,US,2021-05-18 00:53:27,35.7327,-78.8503,68.0,68,90,6.02
59,Naruja,GE,2021-05-18 00:54:18,41.9069,41.9542,55.4,94,0,4.61
60,Vila Franca Do Campo,PT,2021-05-18 00:54:18,37.7167,-25.4333,60.8,94,40,10.36
61,Lagoa,PT,2021-05-18 00:54:19,39.05,-27.9833,60.48,76,93,11.39
62,Yarada,IN,2021-05-18 00:54:19,17.65,83.2667,82.4,94,20,2.3
63,Cherskiy,RU,2021-05-18 00:54:19,68.75,161.3,43.45,57,72,13.94
64,Arraial Do Cabo,BR,2021-05-18 00:54:20,-22.9661,-42.0278,71.51,84,96,15.5
65,Fairbanks,US,2021-05-18 00:54:20,64.8378,-147.7164,60.8,35,90,14.97
66,Geraldton,AU,2021-05-18 00:54:21,-28.7667,114.6,68.0,88,75,5.75
67,Dongsheng,CN,2021-05-18 00:54:21,39.8161,109.9776,63.28,20,99,13.87
68,Karaton,ID,2021-05-18 00:54:21,-6.3424,106.1045,80.01,83,20,8.05
69,La Ronge,CA,2021-05-18 00:54:22,55.1001,-105.2842,64.4,48,100,11.5
70,Tiksi,RU,2021-05-18 00:54:22,71.6872,128.8694,31.53,94,100,17.16
71,Cockburn Town,TC,2021-05-18 00:53:42,21.4612,-71.1419,80.6,78,40,8.05
72,Qaanaaq,GL,2021-05-18 00:53:51,77.484,-69.3632,29.88,82,98,7.61
73,Arlit,NE,2021-05-18 00:54:23,18.7369,7.3853,92.8,10,8,8.68
74,Hobart,AU,2021-05-18 00:53:49,-42.8794,147.3294,60.01,51,20,17.27
75,Plakhtiyivka,UA,2021-05-18 00:54:24,46.1006,29.7217,55.29,90,79,5.88
76,Bambous Virieux,MU,2021-05-18 00:53:38,-20.3428,57.7575,77.0,73,40,9.22
77,Bethel,US,2021-05-18 00:54:24,41.3712,-73.414,66.2,42,1,6.91
78,Road Town,VG,2021-05-18 00:50:17,18.4167,-64.6167,82.4,74,20,4.61
79,Fallon,US,2021-05-18 00:54:25,39.4735,-118.7774,84.2,12,40,11.5
80,Lata,PT,2021-05-18 00:54:25,40.1629,-8.3327,55.0,81,62,1.01
81,Bluff,NZ,2021-05-18 00:53:41,-46.6,168.3333,42.01,86,100,23.0
82,Jamestown,US,2021-05-18 00:54:26,42.097,-79.2353,64.4,42,1,4.61
83,Yarmouth,US,2021-05-18 00:54:26,41.7057,-70.2286,62.6,55,1,10.36
84,Touros,BR,2021-05-18 00:53:11,-5.1989,-35.4608,77.0,94,0,5.75
85,Auki,SB,2021-05-18 00:54:27,-8.7676,160.7034,86.25,65,26,3.24
86,Mecca,SA,2021-05-18 00:54:27,21.4267,39.8261,78.64,17,0,2.55
87,Georgetown,MY,2021-05-18 00:53:46,5.4112,100.3354,84.0,89,20,2.3
88,Ercis,TR,2021-05-18 00:54:28,39.0287,43.3586,50.0,53,20,3.44
89,Alyangula,AU,2021-05-18 00:54:28,-13.8483,136.4192,80.6,50,22,9.22
90,Half Moon Bay,US,2021-05-18 00:51:14,37.4636,-122.4286,63.0,82,90,11.5
91,Ponta Do Sol,PT,2021-05-18 00:53:42,32.6667,-17.1,66.2,68,20,24.16
92,San Javier,ES,2021-05-18 00:53:07,37.8063,-0.8374,64.0,88,40,5.75
93,Sumenep,ID,2021-05-18 00:54:29,-7.0167,113.8667,81.84,73,100,8.23
94,Hukuntsi,BW,2021-05-18 00:54:30,-24.0,21.75,56.61,38,0,9.26
95,Mocuba,MZ,2021-05-18 00:54:30,-16.8392,36.9856,64.72,96,0,2.46
96,Cap Malheureux,MU,2021-05-18 00:54:30,-19.9842,57.6142,75.99,71,13,3.0
97,Leningradskiy,RU,2021-05-18 00:53:40,69.3833,178.4167,32.13,91,72,10.94
98,San Patricio,US,2021-05-18 00:54:31,28.017,-97.5169,80.01,89,90,18.41
99,Sambava,MG,2021-05-18 00:54:18,-14.2667,50.1667,70.95,87,9,7.49
100,Soyo,AO,2021-05-18 00:54:32,-6.1349,12.3689,78.53,84,100,3.49
101,Moura,PT,2021-05-18 00:54:32,38.1401,-7.4486,57.2,54,0,6.91
102,Banjar,ID,2021-05-18 00:54:32,-8.19,114.9675,82.4,83,40,10.36
103,Ryotsu,JP,2021-05-18 00:54:33,38.0833,138.4333,59.0,94,75,2.3
104,Longyearbyen,SJ,2021-05-18 00:54:33,78.2186,15.6401,19.4,86,40,3.44
105,Sorland,NO,2021-05-18 00:54:34,67.667,12.6934,44.73,88,100,12.66
106,Santiago De Cao,PE,2021-05-18 00:54:34,-7.9589,-79.2392,66.2,88,90,8.05
107,Port Hardy,CA,2021-05-18 00:54:34,50.6996,-127.4199,44.6,93,90,6.91
108,Katsuura,JP,2021-05-18 00:54:35,35.1333,140.3,78.8,73,75,3.44
109,Kostomuksha,RU,2021-05-18 00:54:35,64.571,30.5767,54.61,85,100,8.25
110,Pisco,PE,2021-05-18 00:54:36,-13.7,-76.2167,64.0,88,90,6.91
111,Wladyslawowo,PL,2021-05-18 00:54:36,54.7909,18.4009,53.01,93,100,2.3
112,Alofi,NU,2021-05-18 00:54:36,-19.0595,-169.9187,82.4,74,75,13.8
113,Yellowknife,CA,2021-05-18 00:50:49,62.456,-114.3525,39.2,48,75,17.27
114,Mahebourg,MU,2021-05-18 00:54:37,-20.4081,57.7,77.0,73,40,9.22
115,Dalvik,IS,2021-05-18 00:54:37,65.9702,-18.5286,33.8,75,90,8.05
116,Chumikan,RU,2021-05-18 00:54:38,54.7183,135.315,35.76,92,100,6.73
117,Avarua,CK,2021-05-18 00:54:38,-21.2078,-159.775,77.0,83,75,9.22
118,Abu Samrah,SY,2021-05-18 00:54:38,35.3029,37.1841,60.57,61,6,6.6
119,Hobyo,SO,2021-05-18 00:54:39,5.3505,48.5268,79.77,84,99,21.41
120,Mar Del Plata,AR,2021-05-18 00:50:00,-38.0023,-57.5575,54.0,76,90,3.44
121,Luderitz,NA,2021-05-18 00:54:39,-26.6481,15.1594,61.52,55,0,5.1
122,Puro,PH,2021-05-18 00:54:40,12.4841,123.3827,85.62,71,100,14.03
123,Yangjiang,CN,2021-05-18 00:53:24,21.85,111.9667,85.21,74,84,9.48
124,Kalmunai,LK,2021-05-18 00:54:40,7.4167,81.8167,81.25,80,44,2.82
125,Labuhan,ID,2021-05-18 00:54:41,-6.8844,112.2051,81.25,72,100,7.05
126,Synya,RU,2021-05-18 00:54:41,65.3718,58.0387,40.01,64,47,4.99
127,Riviere-Du-Loup,CA,2021-05-18 00:50:37,47.8304,-69.5342,46.4,87,96,6.91
128,Kielce,PL,2021-05-18 00:54:42,50.8703,20.6275,53.01,96,100,12.73
129,Takoradi,GH,2021-05-18 00:54:42,4.8845,-1.7554,79.18,87,100,7.09
130,Korla,CN,2021-05-18 00:54:43,41.7597,86.1469,62.71,43,6,7.16
131,Iqaluit,CA,2021-05-18 00:54:43,63.7506,-68.5145,33.8,93,90,25.32
132,Melfort,CA,2021-05-18 00:50:07,52.8667,-104.6177,86.0,14,32,20.71
133,Airai,TL,2021-05-18 00:54:44,-8.9266,125.4092,66.24,71,100,3.56
134,Port Elizabeth,ZA,2021-05-18 00:53:44,-33.918,25.5701,48.2,93,0,4.61
135,Elmadag,TR,2021-05-18 00:54:44,39.9208,33.2308,57.2,66,0,2.3
136,Cabra,ES,2021-05-18 00:54:44,37.4725,-4.4421,64.99,54,42,3.27
137,Saint George,US,2021-05-18 00:54:45,37.1041,-113.5841,77.0,22,1,8.05
138,Hithadhoo,MV,2021-05-18 00:54:45,-0.6,73.0833,83.46,75,14,5.86
139,Bereda,ES,2021-05-18 00:54:46,43.2686,-7.5406,54.0,96,100,1.99
140,Chipinge,ZW,2021-05-18 00:54:46,-20.1883,32.6236,55.27,75,0,2.1
141,Hermanus,ZA,2021-05-18 00:54:46,-34.4187,19.2345,50.0,92,100,1.99
142,Smirnykh,RU,2021-05-18 00:54:47,49.75,142.8333,68.18,38,0,6.98
143,Tasiilaq,GL,2021-05-18 00:54:47,65.6145,-37.6368,28.4,80,2,1.79
144,Pangnirtung,CA,2021-05-18 00:54:48,66.1451,-65.7125,32.45,72,100,17.87
145,Tabou,CI,2021-05-18 00:54:48,4.423,-7.3528,78.49,88,100,7.0
146,Bokoro,TD,2021-05-18 00:54:49,12.3807,17.0568,86.85,46,82,8.39
147,Katherine,AU,2021-05-18 00:54:49,-14.4667,132.2667,75.2,50,20,10.36
148,Magadi,IN,2021-05-18 00:54:49,12.9667,77.2333,71.6,83,40,8.05
149,Geelong,AU,2021-05-18 00:54:50,-38.1471,144.3607,55.4,76,75,10.36
150,Kavieng,PG,2021-05-18 00:53:52,-2.5744,150.7967,86.23,68,21,11.36
151,Tateyama,JP,2021-05-18 00:54:50,34.9833,139.8667,75.2,83,75,5.75
152,Zirandaro,MX,2021-05-18 00:54:51,18.45,-100.9833,95.67,29,4,8.7
153,Bud,US,2021-05-18 00:54:51,39.447,-86.1758,64.0,89,100,6.8
154,Uyo,NG,2021-05-18 00:54:51,5.0333,7.9266,75.27,93,100,0.56
155,Ancud,CL,2021-05-18 00:54:52,-41.8697,-73.8203,53.01,87,100,6.91
156,Ilulissat,GL,2021-05-18 00:54:52,69.2167,-51.1,30.18,66,41,5.75
157,Ribeira Grande,PT,2021-05-18 00:54:53,38.5167,-28.7,61.84,81,99,15.55
158,Sur,OM,2021-05-18 00:53:20,22.5667,59.5289,87.76,37,2,3.09
159,Comodoro Rivadavia,AR,2021-05-18 00:54:53,-45.8667,-67.5,48.2,71,0,5.75
160,Richards Bay,ZA,2021-05-18 00:54:54,-28.783,32.0377,62.24,86,65,4.29
161,Aiken,US,2021-05-18 00:54:54,33.5835,-81.5998,73.0,60,1,4.61
162,Cabo San Lucas,MX,2021-05-18 00:52:28,22.8909,-109.9124,84.2,39,1,4.61
163,Castro,BR,2021-05-18 00:54:55,-24.7911,-50.0119,54.36,81,2,3.65
164,Wahiawa,US,2021-05-18 00:54:55,21.5028,-158.0236,81.0,50,20,24.16
165,Cervo,ES,2021-05-18 00:54:56,43.6702,-7.4101,52.0,88,100,6.82
166,Kaitangata,NZ,2021-05-18 00:53:47,-46.2817,169.8464,44.01,79,100,15.99
167,Erdemli,TR,2021-05-18 00:54:56,36.605,34.3084,66.47,78,7,2.82
168,Yantarnyy,RU,2021-05-18 00:54:57,54.8717,19.9381,53.01,87,0,2.24
169,Veraval,IN,2021-05-18 00:54:57,20.9,70.3667,81.61,79,100,38.88
170,Tessalit,ML,2021-05-18 00:54:58,20.1986,1.0114,93.76,8,53,8.93
171,Lanquin,GT,2021-05-18 00:54:58,15.5667,-89.9667,73.4,83,40,0.58
172,Chapais,CA,2021-05-18 00:54:58,49.7834,-74.8492,51.8,100,90,11.5
173,Kahului,US,2021-05-18 00:54:59,20.8947,-156.47,82.4,47,20,25.32
174,Alice Springs,AU,2021-05-18 00:54:59,-23.7,133.8833,57.2,28,65,10.36
175,San Cristobal,VE,2021-05-18 00:55:00,7.7669,-72.225,82.4,57,40,23.02
176,Kurchum,KZ,2021-05-18 00:55:00,48.5722,83.6542,63.36,59,0,4.85
177,Mahanoro,MG,2021-05-18 00:55:00,-19.9,48.8,68.61,90,6,4.32
178,Tautira,PF,2021-05-18 00:55:01,-17.7333,-149.15,87.8,55,40,6.91
179,Waipawa,NZ,2021-05-18 00:55:01,-41.4122,175.5153,59.0,44,63,21.85
180,Muroto,JP,2021-05-18 00:55:02,33.2833,134.15,73.4,94,75,8.05
181,Dhidhdhoo,MV,2021-05-18 00:55:03,6.8833,73.1,84.45,73,100,17.63
182,Pevek,RU,2021-05-18 00:55:04,69.7008,170.3133,33.76,86,20,8.99
183,Panguipulli,CL,2021-05-18 00:55:04,-39.6333,-72.3333,41.0,100,90,3.22
184,Orange Cove,US,2021-05-18 00:55:04,36.6244,-119.3137,84.0,33,0,1.01
185,Marolambo,MG,2021-05-18 00:55:05,-20.05,48.1167,61.65,97,9,2.48
186,Ler,SS,2021-05-18 00:55:05,8.3018,30.1418,80.96,63,100,2.77
187,Carnarvon,AU,2021-05-18 00:55:06,-24.8667,113.6333,66.2,88,67,6.91
188,Rongcheng,CN,2021-05-18 00:55:06,30.634,117.8517,69.76,74,100,2.66
189,Nishihara,JP,2021-05-18 00:53:50,26.1842,127.7558,86.0,74,75,14.97
190,Prieska,ZA,2021-05-18 00:55:07,-29.6641,22.7474,49.57,40,0,3.94
191,Lebu,CL,2021-05-18 00:55:07,-37.6167,-73.65,53.53,60,100,3.91
192,Encruzilhada Do Sul,BR,2021-05-18 00:55:07,-30.5439,-52.5219,46.6,74,0,5.08
193,Guane,CU,2021-05-18 00:55:08,22.2025,-84.0875,76.95,80,100,5.88
194,Aljezur,PT,2021-05-18 00:55:08,37.3191,-8.8033,57.9,78,0,9.26
195,Talnakh,RU,2021-05-18 00:55:09,69.4865,88.3972,16.23,90,56,3.8
196,Ilo,PE,2021-05-18 00:55:09,-17.6394,-71.3375,64.65,84,69,2.37
197,Tuatapere,NZ,2021-05-18 00:55:09,-46.1333,167.6833,42.01,86,100,23.0
198,Coromandel,BR,2021-05-18 00:55:10,-18.4733,-47.2003,61.72,54,27,4.05
199,Kargasok,RU,2021-05-18 00:55:10,59.0556,80.8572,47.68,92,100,10.65
200,Mount Isa,AU,2021-05-18 00:55:11,-20.7333,139.5,71.6,15,0,16.11
201,Polunochnoye,RU,2021-05-18 00:55:11,60.8697,60.4153,44.46,92,100,8.32
202,Golfito,CR,2021-05-18 00:55:11,8.639,-83.166,76.59,91,100,0.76
203,Plettenberg Bay,ZA,2021-05-18 00:55:12,-34.0527,23.3716,54.32,65,39,4.23
204,Dombovar,HU,2021-05-18 00:55:12,46.3766,18.137,52.0,69,7,8.99
205,Harper,LR,2021-05-18 00:53:11,4.375,-7.7169,78.69,87,100,7.61
206,Mangrul Pir,IN,2021-05-18 00:55:13,20.3167,77.35,85.26,48,100,8.84
207,Torbay,CA,2021-05-18 00:55:13,47.6666,-52.7314,36.0,93,40,4.61
208,Potiskum,NG,2021-05-18 00:55:14,11.7091,11.0694,80.02,48,10,8.19
209,Codrington,AU,2021-05-18 00:55:14,-38.2667,141.9667,57.63,66,2,9.31
210,Mingguang,CN,2021-05-18 00:55:14,32.7802,117.9638,69.48,61,100,4.83
211,Taoudenni,ML,2021-05-18 00:55:15,22.6783,-3.9836,105.76,9,100,19.51
212,Dicabisagan,PH,2021-05-18 00:55:15,17.0818,122.4157,86.02,70,100,5.84
213,Juterbog,DE,2021-05-18 00:55:16,51.9833,13.0833,48.0,82,20,8.19
214,Kenai,US,2021-05-18 00:55:16,60.5544,-151.2583,55.4,54,1,9.22
215,Poum,NC,2021-05-18 00:55:17,-20.2333,164.0167,76.3,71,100,13.09
216,Salinopolis,BR,2021-05-18 00:55:17,-0.6136,-47.3561,78.76,84,100,8.55
217,Vardo,NO,2021-05-18 00:55:17,70.3705,31.1107,39.33,98,100,3.71
218,Severo-Kurilsk,RU,2021-05-18 00:55:18,50.6789,156.125,38.25,84,68,12.01
219,Provideniya,RU,2021-05-18 00:55:18,64.3833,-173.3,30.2,86,90,11.18
220,Trairi,BR,2021-05-18 00:54:03,-3.2778,-39.2689,76.19,85,4,6.15
221,Esperance,AU,2021-05-18 00:55:19,-33.8667,121.9,59.0,58,100,8.05
222,Bonavista,CA,2021-05-18 00:55:19,48.6499,-53.1147,35.01,93,92,3.44
223,Moose Jaw,CA,2021-05-18 00:54:08,50.4001,-105.5344,87.8,10,7,17.27
224,Avignon,FR,2021-05-18 00:55:20,44.0833,4.8333,55.99,71,0,3.44
225,Palana,RU,2021-05-18 00:55:20,59.1167,159.9667,33.85,96,100,8.46
226,Sibu,MY,2021-05-18 00:55:21,2.3,111.8167,78.8,89,40,4.61
227,Souillac,MU,2021-05-18 00:55:21,-20.5167,57.5167,77.0,73,40,9.22
228,Dingle,PH,2021-05-18 00:55:22,10.9995,122.6711,86.14,69,100,9.64
229,Alvinopolis,BR,2021-05-18 00:55:22,-20.1067,-43.0489,60.24,94,97,2.55
230,Bourail,NC,2021-05-18 00:55:23,-21.5667,165.4833,75.6,66,100,13.69
231,Saint-Philippe,RE,2021-05-18 00:53:40,-21.3585,55.7679,71.6,56,0,9.22
232,Inirida,CO,2021-05-18 00:55:23,3.8653,-67.9239,73.24,98,100,1.41
233,Kardailovo,RU,2021-05-18 00:55:24,51.5386,53.9042,65.79,42,0,3.29
234,Te Anau,NZ,2021-05-18 00:55:24,-45.4167,167.7167,42.01,81,100,8.32
235,San Ramon,US,2021-05-18 00:50:47,37.7799,-121.978,66.0,59,20,24.16
236,San Pedro,PH,2021-05-18 00:55:25,14.35,121.0167,88.0,66,75,4.61
237,Ca Mau,VN,2021-05-18 00:55:25,9.1769,105.15,86.61,66,100,3.27
238,Omsukchan,RU,2021-05-18 00:55:26,62.5333,155.8,31.19,91,100,4.74
239,Aiquile,BO,2021-05-18 00:55:26,-18.2041,-65.1807,53.94,79,25,2.19
240,Ostrovnoy,RU,2021-05-18 00:55:26,68.0531,39.5131,46.22,83,8,10.07
241,Progreso,MX,2021-05-18 00:55:27,21.2833,-89.6667,86.0,66,75,6.91
242,Kieta,PG,2021-05-18 00:55:27,-6.2167,155.6333,86.16,69,22,7.56
243,Hirara,JP,2021-05-18 00:55:28,24.8,125.2833,84.2,79,40,14.97
244,Cidreira,BR,2021-05-18 00:55:28,-30.1811,-50.2056,58.5,73,0,9.46
245,Rawson,AR,2021-05-18 00:55:28,-43.3002,-65.1023,53.71,67,11,19.33
246,Glencoe,ZA,2021-05-18 00:55:29,-28.1783,30.147,47.84,90,10,3.06
247,Norman Wells,CA,2021-05-18 00:55:29,65.282,-126.8329,48.2,46,75,14.97
248,Devarkonda,IN,2021-05-18 00:55:30,16.7,78.9333,82.26,70,10,3.51
249,Mandalgovi,MN,2021-05-18 00:55:30,45.7625,106.2708,60.03,35,98,12.48
250,Papetoai,PF,2021-05-18 00:55:31,-17.4961,-149.8729,87.8,55,40,6.91
251,Yulara,AU,2021-05-18 00:55:31,-25.2406,130.9889,55.4,35,89,18.41
252,Jinotega,NI,2021-05-18 00:55:31,13.0917,-86.0018,71.76,61,16,5.12
253,Ilebo,CD,2021-05-18 00:55:32,-4.3167,20.5833,70.7,98,100,1.81
254,Honningsvag,NO,2021-05-18 00:55:33,70.9821,25.9704,40.44,92,100,12.01
255,Manta,EC,2021-05-18 00:55:33,-0.95,-80.7333,77.0,83,90,9.22
256,Chuy,UY,2021-05-18 00:53:43,-33.6971,-53.4616,52.79,79,81,6.69
257,Mackay,AU,2021-05-18 00:55:34,-21.15,149.2,71.6,49,75,16.11
258,Juegang,CN,2021-05-18 00:55:34,32.3174,121.1855,68.23,54,77,1.52
259,Guanica,PR,2021-05-18 00:55:35,17.9716,-66.908,81.0,77,6,7.7
260,Bengkulu,ID,2021-05-18 00:55:35,-3.8004,102.2655,77.07,89,86,2.53
261,Xining,CN,2021-05-18 00:55:35,36.6167,101.7667,50.32,61,100,3.58
262,Kloulklubed,PW,2021-05-18 00:55:36,7.0419,134.2556,84.2,84,75,4.61
263,Koutiala,ML,2021-05-18 00:55:36,12.3917,-5.4642,91.94,28,82,9.22
264,Port Lincoln,AU,2021-05-18 00:55:37,-34.7333,135.8667,59.92,54,100,13.53
265,Vaitape,PF,2021-05-18 00:55:37,-16.5167,-151.75,81.05,75,69,14.81
266,Tromso,NO,2021-05-18 00:55:38,69.6496,18.957,46.4,71,75,5.75
267,Meridian,US,2021-05-18 00:55:38,43.6121,-116.3915,87.8,13,1,5.75
268,Hagerstown,US,2021-05-18 00:55:39,39.6418,-77.72,69.8,43,1,4.61
269,Port Augusta,AU,2021-05-18 00:55:39,-32.5,137.7667,55.99,71,6,4.61
270,Clyde River,CA,2021-05-18 00:55:40,70.4692,-68.5914,17.6,79,90,2.3
271,Coquimbo,CL,2021-05-18 00:55:40,-29.9533,-71.3436,57.2,82,90,3.44
272,Houma,US,2021-05-18 00:50:57,29.5958,-90.7195,77.0,83,90,13.8
273,Camopi,GF,2021-05-18 00:55:41,3.1655,-52.3158,72.27,99,100,1.86
274,Dondo,MZ,2021-05-18 00:55:41,-19.6094,34.7431,64.72,93,0,2.84
275,Nantucket,US,2021-05-18 00:55:41,41.2835,-70.0995,55.4,88,1,8.05
276,Rapar,IN,2021-05-18 00:55:42,23.5667,70.6333,82.06,72,100,25.48
277,Praia Da Vitoria,PT,2021-05-18 00:55:42,38.7333,-27.0667,61.0,82,75,8.79
278,Saint-Joseph,RE,2021-05-18 00:55:43,-21.3667,55.6167,71.6,56,0,9.22
279,Wenling,CN,2021-05-18 00:55:23,28.3669,121.36,68.0,93,100,7.38
280,Ambanja,MG,2021-05-18 00:55:43,-13.6833,48.45,73.69,82,31,2.57
281,Mount Gambier,AU,2021-05-18 00:55:44,-37.8333,140.7667,53.6,100,90,9.22
282,Huarmey,PE,2021-05-18 00:55:44,-10.0681,-78.1522,65.59,87,2,7.74
283,Sao Filipe,CV,2021-05-18 00:55:45,14.8961,-24.4956,74.93,67,100,7.9
284,Dwarka,IN,2021-05-18 00:55:45,22.2394,68.9678,84.4,72,100,23.13
285,Constitucion,CL,2021-05-18 00:55:46,-35.3333,-72.4167,56.62,60,97,2.08
286,Barrow,US,2021-05-18 00:55:46,71.2906,-156.7887,30.2,80,90,5.75
287,Neyshabur,IR,2021-05-18 00:55:47,36.2133,58.7958,67.35,20,0,1.3
288,Zyryanovsk,KZ,2021-05-18 00:55:47,49.7386,84.2719,59.38,74,0,1.39
289,Meulaboh,ID,2021-05-18 00:55:48,4.1363,96.1285,75.99,93,100,10.47
290,Beloha,MG,2021-05-18 00:55:48,-25.1667,45.05,64.54,92,0,2.39
291,Dombas,NO,2021-05-18 00:55:48,62.0696,9.1235,40.57,98,100,4.54
292,Laguna,US,2021-05-18 00:55:49,38.421,-121.4238,75.2,43,1,10.36
293,Zhigansk,RU,2021-05-18 00:55:49,66.7697,123.3711,36.45,70,100,10.36
294,Huilong,CN,2021-05-18 00:55:50,31.8111,121.655,73.99,72,96,0.78
295,Ughelli,NG,2021-05-18 00:55:50,5.4899,6.0074,75.49,94,92,3.58
296,Coihaique,CL,2021-05-18 00:55:51,-45.5752,-72.0662,46.4,81,75,1.88
297,Mansa,IN,2021-05-18 00:55:51,29.9833,75.3833,88.32,37,87,5.66
298,Boone,US,2021-05-18 00:55:51,39.0334,-92.3335,64.99,90,100,10.49
299,Capinota,BO,2021-05-18 00:55:52,-17.7167,-66.2333,58.59,67,11,5.1
300,Esqueda,MX,2021-05-18 00:55:52,30.7167,-109.5833,73.99,15,0,22.03
301,Venustiano Carranza,MX,2021-05-18 00:52:49,19.43,-99.0992,64.4,55,75,11.5
302,Kobryn,BY,2021-05-18 00:55:53,52.2138,24.3564,52.99,92,100,5.88
303,Aykhal,RU,2021-05-18 00:55:54,66.0,111.5,21.51,91,100,15.59
304,Halifax,CA,2021-05-18 00:53:55,44.6453,-63.5724,48.2,93,75,5.75
305,Ochsenfurt,DE,2021-05-18 00:55:54,49.6643,10.0623,50.0,81,90,13.8
306,Maple Creek,CA,2021-05-18 00:55:55,49.9168,-109.4848,84.2,15,37,13.8
307,Kruisfontein,ZA,2021-05-18 00:55:55,-34.0033,24.7314,48.99,81,3,5.68
308,Bajil,YE,2021-05-18 00:55:55,15.0584,43.2851,87.82,49,57,4.07
309,Olafsvik,IS,2021-05-18 00:55:56,64.8945,-23.7142,37.27,73,62,17.25
310,Purranque,CL,2021-05-18 00:55:56,-40.9167,-73.1667,51.8,100,90,1.14
311,Gao,ML,2021-05-18 00:55:57,16.6362,1.637,92.48,12,0,5.61
312,Saint Anthony,US,2021-05-18 00:55:57,45.0205,-93.218,78.8,29,1,10.36
313,Vila,PT,2021-05-18 00:55:57,42.0304,-8.1588,54.0,76,100,10.0
314,Chernyshevskiy,RU,2021-05-18 00:55:58,63.0128,112.4714,28.54,61,100,9.6
315,Saskylakh,RU,2021-05-18 00:55:58,71.9167,114.0833,29.91,95,100,13.94
316,Hasaki,JP,2021-05-18 00:55:59,35.7333,140.8333,71.01,88,75,14.97
317,Belyy Yar,RU,2021-05-18 00:55:59,53.6039,91.3903,51.8,82,0,6.71
318,Lompoc,US,2021-05-18 00:55:46,34.6391,-120.4579,60.8,72,75,14.97
319,Mao,ES,2021-05-18 00:51:28,39.8885,4.2658,59.0,72,0,5.75
320,Moron,AR,2021-05-18 00:51:13,-34.6534,-58.6198,55.0,93,0,1.14
321,Yuancheng,CN,2021-05-18 00:56:00,36.652,107.7896,61.18,49,100,6.51
322,Vilyuysk,RU,2021-05-18 00:56:01,63.7553,121.6247,33.4,35,100,8.5
323,Yarega,RU,2021-05-18 00:56:01,63.4354,53.5765,44.96,80,100,3.18
324,Westport,US,2021-05-18 00:56:01,41.1415,-73.3579,64.0,35,28,1.01
325,Hamilton,US,2021-05-18 00:55:33,39.1834,-84.5333,64.0,85,100,4.21
326,Naze,JP,2021-05-18 00:56:02,28.3667,129.4833,78.8,89,75,13.8
327,Bubaque,GW,2021-05-18 00:56:02,11.2833,-15.8333,77.92,73,83,13.33
328,Puerto Baquerizo Moreno,EC,2021-05-18 00:56:03,-0.9,-89.6,74.98,83,97,12.91
329,Boa Vista,BR,2021-05-18 00:55:23,2.8197,-60.6733,80.6,83,20,4.61
330,Remanso,BR,2021-05-18 00:56:03,-9.6179,-42.0831,80.13,54,100,8.23
331,Talas,TR,2021-05-18 00:56:04,38.6908,35.5538,44.6,76,0,5.75
332,Harda,IN,2021-05-18 00:51:12,22.3333,77.1,85.06,57,100,5.41
333,Vilhena,BR,2021-05-18 00:51:58,-12.7406,-60.1458,69.89,64,100,1.97
334,Batagay-Alyta,RU,2021-05-18 00:56:05,67.8006,130.4114,40.23,70,100,8.97
335,Tournon-Sur-Rhone,FR,2021-05-18 00:56:05,45.0667,4.8333,51.01,81,100,4.07
336,Jiayuguan,CN,2021-05-18 00:56:06,39.8167,98.3,54.9,49,100,18.97
337,Kamaishi,JP,2021-05-18 00:56:06,39.2667,141.8833,66.2,59,20,4.61
338,Chabahar,IR,2021-05-18 00:56:07,25.2919,60.643,85.8,66,0,10.89
339,Ambilobe,MG,2021-05-18 00:56:07,-13.2,49.05,68.94,85,12,3.29
340,Kem,RU,2021-05-18 00:56:08,64.9555,34.5793,49.51,91,100,7.05
341,Puerto Cabezas,NI,2021-05-18 00:56:08,14.0351,-83.3888,78.71,77,2,7.23
342,Contamana,PE,2021-05-18 00:56:09,-7.3333,-75.0167,72.19,97,83,1.36
343,Anadyr,RU,2021-05-18 00:56:09,64.75,177.4833,35.6,87,75,13.42
344,Galesong,ID,2021-05-18 00:56:09,-5.3166,119.3661,82.4,78,20,2.3
345,Puerto Madryn,AR,2021-05-18 00:56:10,-42.7692,-65.0385,54.55,65,11,21.18
346,Santa Rosa,PH,2021-05-18 00:53:53,14.3122,121.1114,88.0,66,75,4.61
347,Karratha,AU,2021-05-18 00:56:10,-20.7377,116.8463,77.41,45,5,10.27
348,Karachi,PK,2021-05-18 00:56:11,24.9056,67.0822,91.4,24,62,6.91
349,Grindavik,IS,2021-05-18 00:56:11,63.8424,-22.4338,41.0,70,75,3.44
350,Saint Joseph,US,2021-05-18 00:56:12,39.7686,-94.8466,66.2,88,90,9.22
351,Maarianhamina,AX,2021-05-18 00:56:12,60.0973,19.9348,42.8,100,90,5.75
352,Zabid,YE,2021-05-18 00:56:13,14.1951,43.3152,85.86,62,81,7.2
353,Tura,IN,2021-05-18 00:56:13,25.5198,90.2201,78.73,76,100,4.74
354,Necochea,AR,2021-05-18 00:56:13,-38.5473,-58.7368,50.0,86,100,5.03
355,Oussouye,SN,2021-05-18 00:56:14,12.485,-16.5469,77.0,88,0,6.91
356,Fort Saint James,CA,2021-05-18 00:56:14,54.4333,-124.25,55.85,41,32,4.68
357,Shubarkuduk,KZ,2021-05-18 00:56:15,49.1447,56.4872,63.36,57,4,5.88
358,Storm Lake,US,2021-05-18 00:56:15,42.6411,-95.2097,64.4,94,90,13.8
359,Atar,MR,2021-05-18 00:56:15,20.5169,-13.0499,88.16,16,79,8.84
360,Churapcha,RU,2021-05-18 00:56:16,62.0025,132.4325,37.98,52,88,7.45
361,Wilmington Island,US,2021-05-18 00:56:16,32.0036,-80.9737,73.4,68,1,8.05
362,Guerrero Negro,MX,2021-05-18 00:56:17,27.9769,-114.0611,62.64,71,0,22.53
363,Verkhoyansk,RU,2021-05-18 00:56:17,67.5447,133.385,53.53,43,95,11.36
364,Adoni,IN,2021-05-18 00:56:18,15.6333,77.2833,80.01,66,20,5.17
365,Puerto Del Rosario,ES,2021-05-18 00:55:51,28.5004,-13.8627,66.2,77,22,17.27
366,Goderich,CA,2021-05-18 00:52:25,43.7501,-81.7165,69.8,32,0,3.44
367,Monte Escobedo,MX,2021-05-18 00:56:18,22.3,-103.5833,72.1,27,68,11.72
368,Ornskoldsvik,SE,2021-05-18 00:56:19,63.2909,18.7153,42.8,100,90,5.75
369,Ponta Delgada,PT,2021-05-18 00:55:38,37.7333,-25.6667,60.8,94,40,10.36
370,Cumana,VE,2021-05-18 00:52:35,10.4635,-64.1775,89.6,62,47,18.41
371,Buala,SB,2021-05-18 00:56:20,-8.145,159.5921,86.11,68,67,9.01
372,Maryville,US,2021-05-18 00:56:20,35.7565,-83.9705,75.2,50,90,2.33
373,Atikokan,CA,2021-05-18 00:56:20,48.7555,-91.6216,66.67,65,23,2.64
374,Xuddur,SO,2021-05-18 00:56:21,4.1213,43.8894,73.35,74,92,15.57
375,Chase,CA,2021-05-18 00:56:22,50.8165,-119.6857,66.2,37,100,4.61
376,Filadelfia,US,2021-05-18 00:56:22,39.9523,-75.1638,71.6,35,40,9.22
377,Dunedin,NZ,2021-05-18 00:55:23,-45.8742,170.5036,51.01,36,57,15.01
378,Haines Junction,CA,2021-05-18 00:56:23,60.7522,-137.5108,51.8,40,100,12.66
379,Lakes Entrance,AU,2021-05-18 00:56:23,-37.8811,147.981,60.01,61,0,1.01
380,Opuwo,NA,2021-05-18 00:56:24,-18.0607,13.84,61.59,35,16,0.85
381,Srednekolymsk,RU,2021-05-18 00:56:24,67.45,153.6833,41.02,75,91,3.83
382,Butembo,CD,2021-05-18 00:56:25,0.15,29.2833,57.27,97,94,2.75
383,Arrecife,ES,2021-05-18 00:56:25,28.963,-13.5477,66.2,82,0,25.32
384,Whitehorse,CA,2021-05-18 00:53:32,60.7161,-135.0538,50.0,46,75,5.75
385,Saint-Georges,GD,2021-05-18 00:56:26,12.0564,-61.7485,82.4,83,20,17.27
386,Wanning,CN,2021-05-18 00:56:26,18.8003,110.3967,87.12,70,100,10.96
387,Sungairaya,ID,2021-05-18 00:56:27,0.7,108.9,81.5,78,97,2.89
388,Carlsbad,US,2021-05-18 00:55:59,33.1581,-117.3506,66.99,72,75,12.66
389,Ozernovskiy,RU,2021-05-18 00:56:27,51.5,156.5167,35.82,91,98,9.1
390,Freeport,US,2021-05-18 00:52:46,40.6576,-73.5832,63.0,51,1,8.05
391,Estelle,US,2021-05-18 00:56:28,29.8458,-90.1067,77.0,83,75,13.8
392,Shihezi,CN,2021-05-18 00:56:28,44.3,86.0333,69.08,30,0,7.31
393,Morros,BR,2021-05-18 00:56:29,-9.4467,-46.3003,77.85,52,99,0.72
394,Dubti,ET,2021-05-18 00:56:29,11.7361,41.0853,88.5,22,18,5.46
395,Nara,JP,2021-05-18 00:54:22,34.6851,135.8049,77.0,78,75,2.3
396,Aksu,CN,2021-05-18 00:56:29,41.1231,80.2644,64.96,27,0,3.38
397,Sosnovo,RU,2021-05-18 00:56:30,60.5514,30.2144,60.01,72,100,4.54
398,Kysyl-Syr,RU,2021-05-18 00:56:30,63.8986,122.7617,35.01,33,100,8.86
399,Nabire,ID,2021-05-18 00:56:31,-3.3667,135.4833,84.2,73,100,1.05
400,College,US,2021-05-18 00:56:31,64.8569,-147.8028,57.99,35,90,14.97
401,Japitan,PH,2021-05-18 00:56:31,10.1279,123.5035,86.0,74,40,8.05
402,Marsabit,KE,2021-05-18 00:55:18,2.3284,37.9899,64.38,80,100,17.47
403,Andenes,NO,2021-05-18 00:56:32,69.3143,16.1194,44.6,87,20,14.97
404,Los Llanos De Aridane,ES,2021-05-18 00:56:33,28.6585,-17.9182,66.2,77,20,12.66
405,Kommunisticheskiy,RU,2021-05-18 00:56:33,61.6789,64.4819,46.69,87,100,9.48
406,Leshukonskoye,RU,2021-05-18 00:56:34,64.8989,45.7622,52.7,81,89,4.97
407,High Level,CA,2021-05-18 00:56:34,58.5169,-117.136,51.8,62,75,14.97
408,Madarounfa,NE,2021-05-18 00:56:34,13.3087,7.156,87.17,14,18,8.72
409,Morondava,MG,2021-05-18 00:55:01,-20.2833,44.2833,69.03,73,0,10.54
410,Klerksdorp,ZA,2021-05-18 00:56:35,-26.8521,26.6667,47.68,52,4,1.79
411,Mirador,BR,2021-05-18 00:56:35,-6.3708,-44.3631,76.06,77,74,1.52
412,Bharatpur,IN,2021-05-18 00:56:36,27.2167,77.4833,78.51,70,100,12.77
413,Tokur,RU,2021-05-18 00:56:36,53.1333,132.9,36.86,97,100,0.92
414,Nizamabad,IN,2021-05-18 00:56:37,18.6667,78.1167,84.24,58,100,9.08
415,Husavik,IS,2021-05-18 00:56:37,66.0449,-17.3389,33.8,75,90,8.05
416,Chihuahua,MX,2021-05-18 00:56:37,28.5,-106.0,89.6,5,1,13.8
417,Morwell,AU,2021-05-18 00:56:38,-38.2333,146.4,54.0,82,29,5.19
418,Gandorhun,SL,2021-05-18 00:56:38,7.5,-11.8333,76.55,93,87,3.04
419,Andros,GR,2021-05-18 00:56:39,37.8333,24.9333,66.2,82,1,6.91
420,Shemonaikha,KZ,2021-05-18 00:56:39,50.6328,81.9056,63.63,70,3,3.62
421,Taltal,CL,2021-05-18 00:56:40,-25.4,-70.4833,63.03,81,48,3.58
422,Santiago Tuxtla,MX,2021-05-18 00:56:40,18.4667,-95.3,86.99,51,1,10.8
423,Hami,CN,2021-05-18 00:56:41,42.8,93.45,64.87,40,83,2.64
424,Rundu,NA,2021-05-18 00:56:41,-17.9333,19.7667,55.4,38,0,4.83
425,Batemans Bay,AU,2021-05-18 00:56:41,-35.7167,150.1833,59.0,64,0,2.86
426,Ahipara,NZ,2021-05-18 00:56:42,-35.1667,173.1667,59.86,63,100,19.82
427,Mogadishu,SO,2021-05-18 00:56:16,2.0371,45.3438,78.96,86,100,17.25
428,Quang Ngai,VN,2021-05-18 00:56:43,15.1167,108.8,88.25,58,64,6.33
429,Skibbereen,IE,2021-05-18 00:56:43,51.55,-9.2667,44.6,93,75,2.3
430,Oxbow,CA,2021-05-18 00:56:44,49.2333,-102.1676,79.0,32,6,18.01
431,Moose Factory,CA,2021-05-18 00:56:44,51.2585,-80.6094,35.6,80,20,8.05
432,Santa Maria,BR,2021-05-18 00:54:24,-29.6842,-53.8069,53.6,100,0,2.3
433,Morant Bay,JM,2021-05-18 00:56:45,17.8815,-76.4093,79.0,83,75,8.05
434,Margate,GB,2021-05-18 00:56:45,51.3813,1.3862,48.0,80,100,1.99
435,Viedma,AR,2021-05-18 00:56:45,-40.8135,-62.9967,50.0,67,100,7.94
436,Bad Reichenhall,DE,2021-05-18 00:56:46,47.7333,12.8833,50.0,81,90,10.36
437,Yuty,PY,2021-05-18 00:56:46,-26.6,-56.25,59.63,81,0,4.47
438,Port Macquarie,AU,2021-05-18 00:51:56,-31.4333,152.9167,66.0,53,50,4.0
439,Kharitonovo,RU,2021-05-18 00:56:47,61.4009,47.4978,49.53,93,37,2.62
440,Aswan,EG,2021-05-18 00:54:21,24.0934,32.907,80.13,25,0,11.03
441,Yenagoa,NG,2021-05-18 00:56:48,4.9247,6.2642,76.44,92,98,1.99
442,Nova Olinda Do Norte,BR,2021-05-18 00:56:48,-3.8881,-59.0942,74.86,95,58,1.19
443,Grand Gaube,MU,2021-05-18 00:56:48,-20.0064,57.6608,75.99,71,13,3.0
444,Nome,US,2021-05-18 00:56:49,64.5011,-165.4064,42.01,70,1,6.91
445,Agirish,RU,2021-05-18 00:56:49,61.9247,63.0231,45.25,84,100,8.61
446,Erzin,TR,2021-05-18 00:56:50,36.9559,36.2,66.99,85,5,2.93
447,Sao Joao Da Barra,BR,2021-05-18 00:56:50,-21.6403,-41.0511,72.54,82,72,14.0
448,Yantal,RU,2021-05-18 00:56:51,56.8471,105.2542,43.34,25,100,3.29
449,Goshen,US,2021-05-18 00:55:17,41.5823,-85.8344,66.2,68,1,6.91
450,Turbat,PK,2021-05-18 00:56:51,26.0023,63.044,88.59,30,1,3.18
451,Marzuq,YE,2021-05-18 00:53:52,14.4,46.4667,79.61,19,100,5.59
452,Candido Mendes,BR,2021-05-18 00:54:10,-1.4467,-45.7167,75.16,92,100,2.46
453,Kaseda,JP,2021-05-18 00:53:18,31.4167,130.3167,69.8,88,75,12.66
454,Morehead,US,2021-05-18 00:56:53,37.2711,-87.1764,69.8,64,40,3.44
455,Portland,US,2021-05-18 00:54:26,45.5234,-122.6762,64.99,52,100,3.0
456,Jiuquan,CN,2021-05-18 00:56:53,39.7432,98.5174,58.41,43,100,19.42
457,Mareeba,AU,2021-05-18 00:56:54,-17.0,145.4333,80.01,65,90,13.8
458,Fort-Shevchenko,KZ,2021-05-18 00:56:54,44.5086,50.263,76.66,22,99,26.44
459,Makiyivka,UA,2021-05-18 00:56:54,48.0478,37.9258,58.69,90,100,5.99
460,Saldanha,ZA,2021-05-18 00:56:55,-33.0117,17.9442,48.2,81,100,4.85
461,Namibe,AO,2021-05-18 00:56:55,-15.1961,12.1522,73.26,53,4,9.82
462,Damara,CF,2021-05-18 00:56:56,4.9608,18.7035,77.0,88,40,3.44
463,Flinders,AU,2021-05-18 00:56:56,-34.5833,150.8552,64.0,57,0,1.99
464,Fjerritslev,DK,2021-05-18 00:56:57,57.0813,9.2664,50.0,87,75,12.66
465,Port-Gentil,GA,2021-05-18 00:56:57,-0.7193,8.7815,80.22,84,100,9.53
466,Kodinsk,RU,2021-05-18 00:56:57,58.6881,99.1844,42.55,27,7,2.89
467,Miandrivazo,MG,2021-05-18 00:56:58,-19.5167,45.4667,69.08,72,7,2.51
468,Okhotsk,RU,2021-05-18 00:56:58,59.3833,143.3,34.47,97,100,2.55
469,Balkhash,KZ,2021-05-18 00:56:59,46.844,74.9804,66.16,54,6,9.24
470,Lorengau,PG,2021-05-18 00:56:59,-2.0226,147.2712,85.35,71,16,8.68
471,Ramgarh,IN,2021-05-18 00:56:59,23.6333,85.5167,78.8,78,40,5.91
472,Iquitos,PE,2021-05-18 00:54:59,-3.7481,-73.2472,77.0,88,75,1.74
473,Salinas,US,2021-05-18 00:57:00,36.6777,-121.6555,60.8,63,75,16.11
474,Tilichiki,RU,2021-05-18 00:57:01,60.4667,166.1,32.18,98,100,6.53
475,Cam Ranh,VN,2021-05-18 00:57:01,11.9214,109.1591,82.4,78,20,1.14
476,Ust-Nera,RU,2021-05-18 00:57:02,64.5667,143.2,46.98,51,97,3.4
477,Buraydah,SA,2021-05-18 00:52:16,26.326,43.975,80.6,24,0,9.22
478,Flin Flon,CA,2021-05-18 00:57:02,54.7682,-101.865,64.6,55,100,11.68
479,Caconda,AO,2021-05-18 00:57:03,-13.7333,15.0667,56.12,57,0,2.3
480,Kabinda,CD,2021-05-18 00:57:03,-6.1333,24.4833,68.45,65,100,4.27
481,Boguchany,RU,2021-05-18 00:57:03,58.3814,97.4531,43.77,33,12,2.75
482,Pangoa,PE,2021-05-18 00:57:04,-12.1167,-73.0,66.61,98,55,2.42
483,Qasigiannguit,GL,2021-05-18 00:57:04,68.8193,-51.1922,29.03,78,55,4.47
484,Barra Patuca,HN,2021-05-18 00:57:05,15.8,-84.2833,81.28,74,1,14.72
485,Litovko,RU,2021-05-18 00:57:05,49.2361,135.1742,70.84,43,11,14.94
486,Apsheronsk,RU,2021-05-18 00:57:05,44.46,39.73,53.83,96,100,3.44
487,Novyy Urengoy,RU,2021-05-18 00:57:06,66.0833,76.6333,32.97,68,100,10.87
488,Zamora,EC,2021-05-18 00:53:48,-4.0692,-78.9567,68.31,99,100,0.78
489,Oga,IT,2021-05-18 00:57:07,46.4631,10.347,46.99,86,79,2.3
490,Namatanai,PG,2021-05-18 00:57:07,-3.6667,152.4333,86.29,67,18,8.01
491,Aklavik,CA,2021-05-18 00:57:07,68.2191,-135.0107,53.6,28,13,6.91
492,Uray,RU,2021-05-18 00:57:08,60.1247,64.7758,54.43,84,100,10.69
493,Sao Miguel Do Araguaia,BR,2021-05-18 00:57:08,-13.275,-50.1628,76.84,46,98,3.31
494,Dzilam Gonzalez,MX,2021-05-18 00:57:09,21.2833,-88.9333,85.32,59,100,9.86
495,Kirakira,SB,2021-05-18 00:57:09,-10.4544,161.9205,84.63,76,85,11.05
496,Lyngseidet,NO,2021-05-18 00:57:10,69.5763,20.2189,46.4,71,75,5.75
497,Alugan,PH,2021-05-18 00:57:10,12.2188,125.4808,82.78,84,100,14.07
498,Bitburg,DE,2021-05-18 00:57:10,49.9667,6.5333,46.4,100,75,6.91
499,Baoro,CF,2021-05-18 00:57:11,5.6667,15.9667,68.52,95,100,2.53
500,Cookeville,US,2021-05-18 00:53:16,36.1628,-85.5016,69.8,60,1,3.94
501,Dawei,MM,2021-05-18 00:57:11,14.0833,98.2,83.46,82,29,1.28
502,Buckeye,US,2021-05-18 00:55:49,33.3703,-112.5838,90.0,14,2,5.75
503,Shelburne,CA,2021-05-18 00:57:12,44.0787,-80.2041,68.0,45,1,3.44
504,Kalispell,US,2021-05-18 00:57:12,48.1958,-114.3129,82.4,17,1,13.8
505,Bida,NG,2021-05-18 00:57:13,9.0833,6.0167,79.97,75,94,4.43
506,Vinh,VN,2021-05-18 00:56:45,18.6667,105.6667,83.95,75,92,1.39
507,Sosnovka,RU,2021-05-18 00:57:13,56.255,51.2842,58.64,90,14,4.52
508,Matagami,CA,2021-05-18 00:57:14,49.7502,-77.6328,50.0,93,90,8.05
509,Marabba,SD,2021-05-18 00:57:14,12.35,32.1833,89.58,35,67,6.85
510,Wangqing,CN,2021-05-18 00:57:14,43.3218,129.7634,71.94,35,0,4.09
511,Nuevitas,CU,2021-05-18 00:57:15,21.5453,-77.2644,77.0,88,75,10.36
512,Uniao,BR,2021-05-18 00:57:15,-4.5858,-42.8642,78.8,89,0,4.61
513,Vila Velha,BR,2021-05-18 00:57:16,-20.3297,-40.2925,71.6,78,0,4.61
514,Sao Jose Da Coroa Grande,BR,2021-05-18 00:57:16,-8.8978,-35.1478,75.63,82,16,7.74
515,Kindu,CD,2021-05-18 00:57:16,-2.95,25.95,69.82,99,100,2.06
516,Sao Desiderio,BR,2021-05-18 00:57:17,-12.3633,-44.9733,68.36,62,39,3.27
517,Plouzane,FR,2021-05-18 00:57:17,48.3833,-4.6167,50.0,93,0,5.75
518,Banyumas,ID,2021-05-18 00:57:18,-7.5142,109.2942,81.54,72,16,3.56
519,Birin,NP,2021-05-18 00:57:18,26.8865,88.0718,64.96,70,100,2.84
520,Puerto Rico,AR,2021-05-18 00:57:19,-26.796,-55.024,57.49,84,0,1.36
521,Maues,BR,2021-05-18 00:57:19,-3.3836,-57.7186,74.66,95,86,2.44
522,Carndonagh,IE,2021-05-18 00:57:19,55.25,-7.2667,39.87,94,10,5.73
523,Muros,ES,2021-05-18 00:57:20,42.7762,-9.0603,57.0,91,100,15.05
524,Turkistan,KZ,2021-05-18 00:57:20,43.0,68.0,67.66,30,0,8.63
525,Bonfim,BR,2021-05-18 00:57:21,3.0833,-59.95,78.3,83,89,3.71
526,Bahar,IR,2021-05-18 00:57:21,34.9072,48.4414,60.82,29,19,5.12
527,Santa Cruz,BO,2021-05-18 00:57:22,-17.8,-63.1667,69.04,87,41,3.65
